<DEVICE>
    <ENGINE>
     <TYPE model="2811" customModel="2811 IOS15">Router</TYPE>
     <NAME translate="true">RouterTest</NAME>
     <POWER>true</POWER>
     <DESCRIPTION></DESCRIPTION>
     <MODULE>
      <TYPE>eNonRemovableModule</TYPE>
      <MODEL/>
      <SLOT>
       <TYPE>eNonRemovableModule</TYPE>
       <MODULE>
        <TYPE>eNonRemovableModule</TYPE>
        <MODEL/>
        <SLOT>
         <TYPE>eInterfaceCard</TYPE>
        </SLOT>
        <SLOT>
         <TYPE>eInterfaceCard</TYPE>
        </SLOT>
        <SLOT>
         <TYPE>eInterfaceCard</TYPE>
        </SLOT>
        <SLOT>
         <TYPE>eInterfaceCard</TYPE>
        </SLOT>
        <PORT>
         <TYPE>eCopperFastEthernet</TYPE>
         <POWER>false</POWER>
         <MEDIATYPE>0</MEDIATYPE>
         <PINS>false</PINS>
         <BANDWIDTH>100000</BANDWIDTH>
         <FULLDUPLEX>false</FULLDUPLEX>
         <AUTONEGOTIATEBANDWIDTH>true</AUTONEGOTIATEBANDWIDTH>
         <AUTONEGOTIATEDUPLEX>true</AUTONEGOTIATEDUPLEX>
         <MACADDRESS>00D0.97B7.2B01</MACADDRESS>
         <BIA>00D0.97B7.2B01</BIA>
         <CLOCKRATE>2000000</CLOCKRATE>
         <CLOCKRATEFLAG>false</CLOCKRATEFLAG>
         <DESCRIPTION/>
         <CHANNEL>0</CHANNEL>
         <CHANNEL5GHZ>0</CHANNEL5GHZ>
         <COVERAGERANGE>0</COVERAGERANGE>
         <SAVED_FULLDUPLEX>false</SAVED_FULLDUPLEX>
         <UP_METHOD>5</UP_METHOD>
         <IP/>
         <SUBNET/>
         <PORT_GATEWAY/>
         <PORT_DNS/>
         <PORT_DHCP_ENABLE>false</PORT_DHCP_ENABLE>
         <ND_SUPPRESSED>false</ND_SUPPRESSED>
         <ND_IPV6_DNS_ADDRESSES/>
         <TIMEOUT>14400000</TIMEOUT>
         <PC_FIREWALL>false</PC_FIREWALL>
         <PC_IPV6_FIREWALL>false</PC_IPV6_FIREWALL>
         <IPV6_ENABLED>false</IPV6_ENABLED>
         <IPV6_ADDRESS_AUTOCONFIG>false</IPV6_ADDRESS_AUTOCONFIG>
         <IPV6_PORT_GATEWAY/>
         <IPV6_PORT_DNS/>
         <IPV6_LINK_LOCAL/>
         <IPV6_DEFAULT_LINK_LOCAL>FE80::2D0:97FF:FEB7:2B01</IPV6_DEFAULT_LINK_LOCAL>
         <IPV6_PORT_DHCP_ENABLED>false</IPV6_PORT_DHCP_ENABLED>
         <IPV6_ADDRESSES/>
         <IP_UNNUMBERED/>
         <DHCP_SERVER_IP>0.0.0.0</DHCP_SERVER_IP>
         <MANAGEMENT_INTERFACE>false</MANAGEMENT_INTERFACE>
        </PORT>
        <PORT>
         <TYPE>eCopperFastEthernet</TYPE>
         <POWER>false</POWER>
         <MEDIATYPE>0</MEDIATYPE>
         <PINS>false</PINS>
         <BANDWIDTH>100000</BANDWIDTH>
         <FULLDUPLEX>false</FULLDUPLEX>
         <AUTONEGOTIATEBANDWIDTH>true</AUTONEGOTIATEBANDWIDTH>
         <AUTONEGOTIATEDUPLEX>true</AUTONEGOTIATEDUPLEX>
         <MACADDRESS>00D0.97B7.2B02</MACADDRESS>
         <BIA>00D0.97B7.2B02</BIA>
         <CLOCKRATE>2000000</CLOCKRATE>
         <CLOCKRATEFLAG>false</CLOCKRATEFLAG>
         <DESCRIPTION/>
         <CHANNEL>0</CHANNEL>
         <CHANNEL5GHZ>0</CHANNEL5GHZ>
         <COVERAGERANGE>0</COVERAGERANGE>
         <SAVED_FULLDUPLEX>false</SAVED_FULLDUPLEX>
         <UP_METHOD>5</UP_METHOD>
         <IP/>
         <SUBNET/>
         <PORT_GATEWAY/>
         <PORT_DNS/>
         <PORT_DHCP_ENABLE>false</PORT_DHCP_ENABLE>
         <ND_SUPPRESSED>false</ND_SUPPRESSED>
         <ND_IPV6_DNS_ADDRESSES/>
         <TIMEOUT>14400000</TIMEOUT>
         <PC_FIREWALL>false</PC_FIREWALL>
         <PC_IPV6_FIREWALL>false</PC_IPV6_FIREWALL>
         <IPV6_ENABLED>false</IPV6_ENABLED>
         <IPV6_ADDRESS_AUTOCONFIG>false</IPV6_ADDRESS_AUTOCONFIG>
         <IPV6_PORT_GATEWAY/>
         <IPV6_PORT_DNS/>
         <IPV6_LINK_LOCAL/>
         <IPV6_DEFAULT_LINK_LOCAL>FE80::2D0:97FF:FEB7:2B02</IPV6_DEFAULT_LINK_LOCAL>
         <IPV6_PORT_DHCP_ENABLED>false</IPV6_PORT_DHCP_ENABLED>
         <IPV6_ADDRESSES/>
         <IP_UNNUMBERED/>
         <DHCP_SERVER_IP>0.0.0.0</DHCP_SERVER_IP>
         <MANAGEMENT_INTERFACE>false</MANAGEMENT_INTERFACE>
        </PORT>
       </MODULE>
      </SLOT>
      <SLOT>
       <TYPE>eNetworkModule</TYPE>
      </SLOT>
     </MODULE>
     <CUSTOM_VARS>AAAAAA==</CUSTOM_VARS>
     <CUSTOM_INTERFACE></CUSTOM_INTERFACE>
     <SYS_CONTACT></SYS_CONTACT>
     <SYS_LOCATION></SYS_LOCATION>
     <COORD_SETTINGS>
      <X_COORD>1270.51</X_COORD>
      <Y_COORD>1236.93</Y_COORD>
      <Z_COORD>0</Z_COORD>
     </COORD_SETTINGS>
     <SERIALNUMBER>FTX1017T1J1-</SERIALNUMBER>
     <EXT_ATTRIBUTES>MTBF:400000;cost:1000;power source:0;rack units:1;wattage:40;</EXT_ATTRIBUTES>
     <USB_PORT_COUNT>0</USB_PORT_COUNT>
     <TEMPLATE_CREATION_TIME>1589954134665</TEMPLATE_CREATION_TIME>
     <STARTTIME>730940400000</STARTTIME>
     <STARTSIMTIME>1361701</STARTSIMTIME>
     <USER_APPS>
      <RUNNING_APPS/>
      <DESKTOP_APPS/>
     </USER_APPS>
     <SAVE_REF_ID>save-ref-id:13286362446354016939</SAVE_REF_ID>
     <SYS_NAME>Router</SYS_NAME>
     <RUNNINGCONFIG>
      <LINE>!</LINE>
      <LINE>version 15.1</LINE>
      <LINE>no service timestamps log datetime msec</LINE>
      <LINE>no service timestamps debug datetime msec</LINE>
      <LINE>no service password-encryption</LINE>
      <LINE>!</LINE>
      <LINE>hostname RouterTest</LINE>
      <LINE>!</LINE>
      <LINE>!</LINE>
      <LINE>!</LINE>
      <LINE>!</LINE>
      <LINE>!</LINE>
      <LINE>!</LINE>
      <LINE>!</LINE>
      <LINE>!</LINE>
      <LINE>ip cef</LINE>
      <LINE>no ipv6 cef</LINE>
      <LINE>!</LINE>
      <LINE>!</LINE>
      <LINE>!</LINE>
      <LINE>!</LINE>
      <LINE>license udi pid CISCO2811/K9 sn FTX1017T1J1-</LINE>
      <LINE>!</LINE>
      <LINE>!</LINE>
      <LINE>!</LINE>
      <LINE>!</LINE>
      <LINE>!</LINE>
      <LINE>!</LINE>
      <LINE>!</LINE>
      <LINE>!</LINE>
      <LINE>!</LINE>
      <LINE>!</LINE>
      <LINE>!</LINE>
      <LINE>spanning-tree mode pvst</LINE>
      <LINE>!</LINE>
      <LINE>!</LINE>
      <LINE>!</LINE>
      <LINE>!</LINE>
      <LINE>!</LINE>
      <LINE>!</LINE>
      <LINE>interface FastEthernet0/0</LINE>
      <LINE> no ip address</LINE>
      <LINE> duplex auto</LINE>
      <LINE> speed auto</LINE>
      <LINE> shutdown</LINE>
      <LINE>!</LINE>
      <LINE>interface FastEthernet0/1</LINE>
      <LINE> no ip address</LINE>
      <LINE> duplex auto</LINE>
      <LINE> speed auto</LINE>
      <LINE> shutdown</LINE>
      <LINE>!</LINE>
      <LINE>interface Vlan1</LINE>
      <LINE> no ip address</LINE>
      <LINE> shutdown</LINE>
      <LINE>!</LINE>
      <LINE>ip classless</LINE>
      <LINE>!</LINE>
      <LINE>ip flow-export version 9</LINE>
      <LINE>!</LINE>
      <LINE>!</LINE>
      <LINE>!</LINE>
      <LINE>!</LINE>
      <LINE>!</LINE>
      <LINE>!</LINE>
      <LINE>!</LINE>
      <LINE>line con 0</LINE>
      <LINE>!</LINE>
      <LINE>line aux 0</LINE>
      <LINE>!</LINE>
      <LINE>line vty 0 4</LINE>
      <LINE> login</LINE>
      <LINE>!</LINE>
      <LINE>!</LINE>
      <LINE>!</LINE>
      <LINE>end</LINE>
     </RUNNINGCONFIG>
     <STARTUPCONFIG/>
     <CURRENT_COMMAND_SET>2800_advip_15.1</CURRENT_COMMAND_SET>
     <FILE_MANAGER>
      <FILE class="CDirectory">
       <FILE_NUMBER>0</FILE_NUMBER>
       <NAME></NAME>
       <DATE_TIME>0</DATE_TIME>
       <PERMISSION>6</PERMISSION>
       <FILE_CONTENT/>
       <FILES>
        <FILE class="CFileSystem">
         <FILE_NUMBER>0</FILE_NUMBER>
         <NAME>flash:</NAME>
         <DATE_TIME>0</DATE_TIME>
         <PERMISSION>6</PERMISSION>
         <FILE_CONTENT/>
         <FILES>
          <FILE class="CFile">
           <FILE_NUMBER>3</FILE_NUMBER>
           <NAME>2800nm-advipservicesk9-mz.151-4.M4.bin</NAME>
           <DATE_TIME>0</DATE_TIME>
           <PERMISSION>6</PERMISSION>
           <FILE_CONTENT class="CIosFileContent">
            <DEVICE_TYPE>Router</DEVICE_TYPE>
            <SET_NAME>2800_advip_15.1</SET_NAME>
           </FILE_CONTENT>
          </FILE>
          <FILE class="CFile">
           <FILE_NUMBER>2</FILE_NUMBER>
           <NAME>sigdef-category.xml</NAME>
           <DATE_TIME>0</DATE_TIME>
           <PERMISSION>6</PERMISSION>
           <FILE_CONTENT class="CIpsCategoryFileContent">
            <SIG_CAT/>
           </FILE_CONTENT>
          </FILE>
          <FILE class="CFile">
           <FILE_NUMBER>1</FILE_NUMBER>
           <NAME>sigdef-default.xml</NAME>
           <DATE_TIME>0</DATE_TIME>
           <PERMISSION>6</PERMISSION>
           <FILE_CONTENT class="CIpsDatFileContent">
            <ICMP_SIGNATURE>
             <SIGNATURE>
              <SIG_ID>2004</SIG_ID>
              <SUB_ID>0</SUB_ID>
              <RETIRED>0</RETIRED>
              <ENABLED>0</ENABLED>
              <EVENT_ACTION>0</EVENT_ACTION>
             </SIGNATURE>
            </ICMP_SIGNATURE>
           </FILE_CONTENT>
          </FILE>
         </FILES>
         <FILE_COUNTER>3</FILE_COUNTER>
         <CAPACITY>255744000</CAPACITY>
        </FILE>
       </FILES>
      </FILE>
     </FILE_MANAGER>
     <CONFIG_REGISTER>8450</CONFIG_REGISTER>
     <NEXT_CONFIG_REGISTER>8450</NEXT_CONFIG_REGISTER>
     <CURRENT_BOOT_FILE>flash:/2800nm-advipservicesk9-mz.151-4.M4.bin</CURRENT_BOOT_FILE>
     <CONFIG_BOOT_FILES></CONFIG_BOOT_FILES>
     <BUILD_IN_ADDR>0001.972C.E073</BUILD_IN_ADDR>
     <BIOS_VERSION></BIOS_VERSION>
     <SECURITY>
      <KEY_NAME></KEY_NAME>
      <TEMP_KEY_NAME></TEMP_KEY_NAME>
      <RSA_KEY></RSA_KEY>
      <TEMP_RSA_KEY></TEMP_RSA_KEY>
      <TIME_DATE></TIME_DATE>
      <ENABLED>0</ENABLED>
      <MODULUS_BITS>0</MODULUS_BITS>
     </SECURITY>
     <ALGORITHM_SETTINGS>
      <USE_GLOBAL>true</USE_GLOBAL>
      <CBAC_HALF_OPEN_SESSION_MULTIPLIER>1</CBAC_HALF_OPEN_SESSION_MULTIPLIER>
      <TCP_MAX_CONNECTING_SESSIONS>100</TCP_MAX_CONNECTING_SESSIONS>
      <TCP_MAX_OPENED_SESSIONS>1000</TCP_MAX_OPENED_SESSIONS>
      <INTERFACE_QUEUE_SIZE>10</INTERFACE_QUEUE_SIZE>
      <STORM_CONTROL_MULTIPLIER>10</STORM_CONTROL_MULTIPLIER>
      <TCP_MAX_RETRANSMISSION_TIMEOUT>1000</TCP_MAX_RETRANSMISSION_TIMEOUT>
     </ALGORITHM_SETTINGS>
     <LICENSE_MANAGER>
      <NEXT_UNIQUE_ID>4</NEXT_UNIQUE_ID>
      <LICENSES>
       <LICENSE>
        <UNIQUE_ID>1</UNIQUE_ID>
        <STORE_INDEX>0</STORE_INDEX>
        <CURRENT_BOOT>2</CURRENT_BOOT>
        <NEXT_REBOOT>2</NEXT_REBOOT>
        <LICENSE_COUNT>0</LICENSE_COUNT>
        <RIGHT_TO_USE>0</RIGHT_TO_USE>
        <ENFORCED>0</ENFORCED>
        <LICENSE_TYPE>1</LICENSE_TYPE>
        <FEATURE_NAME>ipbasek9</FEATURE_NAME>
        <TECHNOLOGY>ipbase</TECHNOLOGY>
        <VERSION>1.0</VERSION>
        <LICENSE_STATE>Active, In Use</LICENSE_STATE>
        <EVAL_TOTAL>208 weeks 2 days</EVAL_TOTAL>
        <EVAL_LEFT>208 weeks 2 days</EVAL_LEFT>
        <EVAL_USED>0  minute  0  second</EVAL_USED>
        <LICENSE_PRIORITY>Medium</LICENSE_PRIORITY>
        <STORE_NAME>Primary License Storage</STORE_NAME>
        <DEFAULT>0</DEFAULT>
        <SHOW_IN_FEATURE>1</SHOW_IN_FEATURE>
        <SHOW_IN_ALL>1</SHOW_IN_ALL>
        <IS_BOOTABLE>1</IS_BOOTABLE>
       </LICENSE>
       <LICENSE>
        <UNIQUE_ID>2</UNIQUE_ID>
        <STORE_INDEX>0</STORE_INDEX>
        <CURRENT_BOOT>0</CURRENT_BOOT>
        <NEXT_REBOOT>0</NEXT_REBOOT>
        <LICENSE_COUNT>0</LICENSE_COUNT>
        <RIGHT_TO_USE>1</RIGHT_TO_USE>
        <ENFORCED>1</ENFORCED>
        <LICENSE_TYPE>5</LICENSE_TYPE>
        <FEATURE_NAME>securityk9</FEATURE_NAME>
        <TECHNOLOGY>security</TECHNOLOGY>
        <VERSION>1.0</VERSION>
        <LICENSE_STATE>Inactive</LICENSE_STATE>
        <EVAL_TOTAL>208 weeks 2 days</EVAL_TOTAL>
        <EVAL_LEFT>208 weeks 2 days</EVAL_LEFT>
        <EVAL_USED>0  minute  0  second</EVAL_USED>
        <LICENSE_PRIORITY>None</LICENSE_PRIORITY>
        <STORE_NAME>Evaluation License Storage</STORE_NAME>
        <DEFAULT>0</DEFAULT>
        <SHOW_IN_FEATURE>1</SHOW_IN_FEATURE>
        <SHOW_IN_ALL>1</SHOW_IN_ALL>
        <IS_BOOTABLE>1</IS_BOOTABLE>
       </LICENSE>
       <LICENSE>
        <UNIQUE_ID>3</UNIQUE_ID>
        <STORE_INDEX>1</STORE_INDEX>
        <CURRENT_BOOT>0</CURRENT_BOOT>
        <NEXT_REBOOT>0</NEXT_REBOOT>
        <LICENSE_COUNT>0</LICENSE_COUNT>
        <RIGHT_TO_USE>1</RIGHT_TO_USE>
        <ENFORCED>1</ENFORCED>
        <LICENSE_TYPE>0</LICENSE_TYPE>
        <FEATURE_NAME>datak9</FEATURE_NAME>
        <TECHNOLOGY>data</TECHNOLOGY>
        <VERSION>1.0</VERSION>
        <LICENSE_STATE>Inactive</LICENSE_STATE>
        <EVAL_TOTAL>208 weeks 2 days</EVAL_TOTAL>
        <EVAL_LEFT>208 weeks 2 days</EVAL_LEFT>
        <EVAL_USED>0  minute  0  second</EVAL_USED>
        <LICENSE_PRIORITY>None</LICENSE_PRIORITY>
        <STORE_NAME>Evaluation License Storage</STORE_NAME>
        <DEFAULT>0</DEFAULT>
        <SHOW_IN_FEATURE>1</SHOW_IN_FEATURE>
        <SHOW_IN_ALL>1</SHOW_IN_ALL>
        <IS_BOOTABLE>1</IS_BOOTABLE>
       </LICENSE>
      </LICENSES>
     </LICENSE_MANAGER>
     <SCP_SERVER_ENABLED>false</SCP_SERVER_ENABLED>
     <VLANS>
      <VLAN rspan="0" number="1" name="default"/>
      <VLAN rspan="0" number="1002" name="fddi-default"/>
      <VLAN rspan="0" number="1003" name="token-ring-default"/>
      <VLAN rspan="0" number="1004" name="fddinet-default"/>
      <VLAN rspan="0" number="1005" name="trnet-default"/>
     </VLANS>
     <VTP>
      <DOMAIN_NAME></DOMAIN_NAME>
      <MODE>0</MODE>
      <VERSION>1</VERSION>
      <PASSWORD></PASSWORD>
      <CONFIG_REVISION>0</CONFIG_REVISION>
      <UPDATER_IP>0.0.0.0</UPDATER_IP>
      <UPDATE_TIMESTAMP>0-0-00 00:00:00</UPDATE_TIMESTAMP>
     </VTP>
     <SIG_IPSPROCESS>
      <SIGNATURE>
       <SIG_ID>2004</SIG_ID>
       <SUB_ID>0</SUB_ID>
       <RETIRED>0</RETIRED>
       <ENABLED>0</ENABLED>
       <EVENT_ACTION>0</EVENT_ACTION>
      </SIGNATURE>
     </SIG_IPSPROCESS>
     <CELLULAR_CLIENT_MANAGER>
      <PORT_TO_CLIENT_MAP/>
     </CELLULAR_CLIENT_MANAGER>
     <NDV6>
      <ENABLED_HOST/>
      <ENABLED_ROUTER>0</ENABLED_ROUTER>
      <SERVER_ROUTER_PORT_DATA_HEAD/>
     </NDV6>
    </ENGINE>
    <WORKSPACE>
     <LOGICAL>
      <X>765</X>
      <Y>400</Y>
      <DEVCLUSTERID>1-1</DEVCLUSTERID>
      <CUSTOM_IMAGE_LOGICAL></CUSTOM_IMAGE_LOGICAL>
      <CUSTOM_IMAGE_PHYSICAL></CUSTOM_IMAGE_PHYSICAL>
      <MEM_ADDR>1717925711008</MEM_ADDR>
      <DEV_ADDR>1717878961520</DEV_ADDR>
     </LOGICAL>
     <PHYSICAL>{1362d63e-7cbf-4d4e-a3cd-a1224271b1f4},{5a35c34d-c144-493e-8d42-759c7e24e592},{812057cc-fc57-430f-8bb9-3f1b9a1ee518},{22e91156-636b-4489-a78d-0f3364fd7495},{283def1c-76c2-4ca2-9034-c81d102fde40},{800e0d84-b9fe-42dc-96df-0aa2a02bb4ae}</PHYSICAL>
     <PHYSICAL_CPUR>
      <X_PN>0.094</X_PN>
      <Y_PN>0.112</Y_PN>
      <X>12</X>
      <Y>0</Y>
      <SLOT>0</SLOT>
      <SUBSLOT>0</SUBSLOT>
      <PARENT_PATH>{1362d63e-7cbf-4d4e-a3cd-a1224271b1f4},{5a35c34d-c144-493e-8d42-759c7e24e592},{812057cc-fc57-430f-8bb9-3f1b9a1ee518},{22e91156-636b-4489-a78d-0f3364fd7495}</PARENT_PATH>
      <CONTAINER_ID>{283def1c-76c2-4ca2-9034-c81d102fde40}</CONTAINER_ID>
     </PHYSICAL_CPUR>
    </WORKSPACE>
   </DEVICE>